Year,Additions,Carrying Capacity,Constrained Growth Rate,Effect Multiplier,Maximum Growth Rate,Population
1,220.2795,1000000,0.2202795,0.999,0.2205,1000
1.125,226.338643634,1000000,0.220273428546,0.998972465063,0.2205,1027.5349375
1.25,232.56410553,1000000,0.220267190087,0.998944172732,0.2205,1055.82726795
1.375,238.960431538,1000000,0.220260780039,0.998915102219,0.2205,1084.89778115
1.5,245.532290671,1000000,0.220254193692,0.998885232165,0.2205,1114.76783509
1.625,252.284478382,1000000,0.220247426209,0.998854540629,0.2205,1145.45937142
1.75,259.22191992,1000000,0.220240472618,0.998823005069,0.2205,1176.99493122
1.875,266.34967378,1000000,0.220233327813,0.998790602329,0.2205,1209.39767121
2,273.672935234,1000000,0.220225986551,0.99875730862,0.2205,1242.69138043
2.125,281.197039952,1000000,0.22021844344,0.998723099503,0.2205,1276.90049734
2.25,288.92746772,1000000,0.220210692947,0.998687949873,0.2205,1312.05012733
2.375,296.869846249,1000000,0.220202729384,0.998651833939,0.2205,1348.1660608
2.5,305.029955075,1000000,0.220194546908,0.998614725208,0.2205,1385.27479158
2.625,313.413729563,1000000,0.22018613952,0.998576596464,0.2205,1423.40353596
2.75,322.027265011,1000000,0.220177501054,0.998537419748,0.2205,1462.58025216
2.875,330.876820855,1000000,0.220168625178,0.99849716634,0.2205,1502.83366028
3,339.968824977,1000000,0.220159505386,0.998455806737,0.2205,1544.19326289
3.125,349.309878122,1000000,0.220150134995,0.998413310634,0.2205,1586.68936601
3.25,358.906758424,1000000,0.220140507141,0.998369646899,0.2205,1630.35310078
3.375,368.766426045,1000000,0.220130614774,0.998324783554,0.2205,1675.21644558
3.5,378.896027922,1000000,0.220120450649,0.998278687751,0.2205,1721.31224884
3.625,389.302902639,1000000,0.220110007327,0.998231325748,0.2205,1768.67425233
3.75,399.994585413,1000000,0.220099277166,0.998182662885,0.2205,1817.33711516
3.875,410.978813197,1000000,0.220088252315,0.998132663562,0.2205,1867.33643833
4,422.263529917,1000000,0.220076924712,0.99808129121,0.2205,1918.70878998
4.125,433.856891822,1000000,0.220065286073,0.998028508269,0.2205,1971.49173122
4.25,445.767272978,1000000,0.220053327893,0.997974276157,0.2205,2025.7238427
4.375,458.003270874,1000000,0.220041041432,0.997918555248,0.2205,2081.44475182
4.5,470.573712184,1000000,0.220028417717,0.997861304839,0.2205,2138.69516068
4.625,483.487658641,1000000,0.220015447529,0.997802483125,0.2205,2197.5168747
4.75,496.75441307,1000000,0.220002121401,0.997742047168,0.2205,2257.95283203
4.875,510.38352555,1000000,0.219988429607,0.997679952866,0.2205,2320.04713367
5,524.384799724,1000000,0.219974362161,0.997616154926,0.2205,2383.84507436
5.125,538.768299253,1000000,0.219959908805,0.997550606826,0.2205,2449.39317433
5.25,553.544354422,1000000,0.219945059004,0.997483260788,0.2205,2516.73921173
5.375,568.723568894,1000000,0.219929801938,0.997414067744,0.2205,2585.93225604
5.5,584.316826618,1000000,0.219914126494,0.997342977298,0.2205,2657.02270215
5.625,600.335298895,1000000,0.219898021262,0.997269937695,0.2205,2730.06230548
5.75,616.7904516,1000000,0.21988147452,0.997194895782,0.2205,2805.10421784
5.875,633.694052568,1000000,0.219864474233,0.997117796976,0.2205,2882.20302429
6,651.05817914,1000000,0.219847008041,0.997038585219,0.2205,2961.41478086
6.125,668.895225875,1000000,0.21982906325,0.996957202947,0.2205,3042.79705325
6.25,687.217912437,1000000,0.219810626825,0.996873591044,0.2205,3126.40895648
6.375,706.039291637,1000000,0.219791685381,0.996787688804,0.2205,3212.31119554
6.5,725.372757666,1000000,0.219772225173,0.996699433893,0.2205,3300.56610699
6.625,745.232054486,1000000,0.219752232087,0.996608762298,0.2205,3391.2377017
6.75,765.631284407,1000000,0.219731691628,0.996515608291,0.2205,3484.39170851
6.875,786.58491684,1000000,0.219710588916,0.996419904381,0.2205,3580.09561906
7,808.107797228,1000000,0.219688908669,0.996321581266,0.2205,3678.41873367
7.125,830.215156161,1000000,0.219666635198,0.996220567792,0.2205,3779.43220832
7.25,852.922618674,1000000,0.219643752393,0.996116790897,0.2205,3883.20910284
7.375,876.246213728,1000000,0.219620243713,0.99601017557,0.2205,3989.82443018
7.5,900.202383879,1000000,0.219596092177,0.995900644793,0.2205,4099.35520689
7.625,924.807995132,1000000,0.219571280349,0.995788119495,0.2205,4211.88050488
7.75,950.080346986,1000000,0.219545790328,0.995672518496,0.2205,4327.48150427
7.875,976.037182665,1000000,0.219519603739,0.995553758452,0.2205,4446.24154764
8,1002.69669954,1000000,0.219492701714,0.995431753805,0.2205,4568.24619548
8.125,1030.07755973,1000000,0.219465064886,0.995306416717,0.2205,4693.58328292
8.25,1058.19890093,1000000,0.219436673373,0.995177657022,0.2205,4822.34297788
8.375,1087.08034736,1000000,0.219407506766,0.995045382159,0.2205,4954.6178405
8.5,1116.74202098,1000000,0.219377544114,0.994909497116,0.2205,5090.50288392
8.625,1147.20455283,1000000,0.219346763912,0.994769904363,0.2205,5230.09563654
8.75,1178.48909459,1000000,0.219315144087,0.994626503794,0.2205,5373.49620565
8.875,1210.61733034,1000000,0.219282661981,0.994479192658,0.2205,5520.80734247
9,1243.61148845,1000000,0.219249294341,0.994327865491,0.2205,5672.13450876
9.125,1277.49435371,1000000,0.219215017299,0.994172414055,0.2205,5827.58594482
9.25,1312.28927957,1000000,0.219179806361,0.994012727261,0.2205,5987.27273903
9.375,1348.02020067,1000000,0.219143636388,0.993848691101,0.2205,6151.30889898
9.5,1384.71164538,1000000,0.219106481581,0.993680188576,0.2205,6319.81142406
9.625,1422.38874868,1000000,0.219068315466,0.99350709962,0.2205,6492.90037974
9.75,1461.07726505,1000000,0.219029110876,0.993329301027,0.2205,6670.69897332
9.875,1500.80358163,1000000,0.218988839934,0.993146666369,0.2205,6853.33363145
10,1541.59473148,1000000,0.218947474036,0.992959065921,0.2205,7040.93407916
10.125,1583.47840697,1000000,0.218904983831,0.992766366579,0.2205,7233.63342059
10.25,1626.48297336,1000000,0.218861339207,0.992568431779,0.2205,7431.56822146
10.375,1670.63748245,1000000,0.21881650927,0.992365121407,0.2205,7634.87859313
10.5,1715.97168641,1000000,0.218770462325,0.992156291722,0.2205,7843.70827844
10.625,1762.51605167,1000000,0.218723165855,0.991941795261,0.2205,8058.20473924
10.75,1810.30177294,1000000,0.218674586506,0.991721480754,0.2205,8278.5192457
10.875,1859.36078728,1000000,0.218624690064,0.991495193033,0.2205,8504.80696732
11,1909.72578833,1000000,0.218573441432,0.991262772934,0.2205,8737.22706573
11.125,1961.43024049,1000000,0.218520804615,0.991024057211,0.2205,8975.94278927
11.25,2014.50839324,1000000,0.218466742694,0.990778878431,0.2205,9221.12156933
11.375,2068.99529543,1000000,0.218411217806,0.990527064882,0.2205,9472.93511849
11.5,2124.92680963,1000000,0.218354191124,0.99026844047,0.2205,9731.55953041
11.625,2182.33962645,1000000,0.218295622828,0.990002824618,0.2205,9997.17538162
11.75,2241.27127883,1000000,0.218235472092,0.989730032165,0.2205,10269.9678349
11.875,2301.76015628,1000000,0.218173697053,0.989449873255,0.2205,10550.1267448
12,2363.84551912,1000000,0.218110254788,0.989162153236,0.2205,10837.8467643
12.125,2427.56751252,1000000,0.218045101296,0.988866672546,0.2205,11133.3274542
12.25,2492.96718048,1000000,0.217978191467,0.988563226607,0.2205,11436.7733933
12.375,2560.08647969,1000000,0.217909479059,0.988251605709,0.2205,11748.3942908
12.5,2628.96829315,1000000,0.217838916675,0.987931594899,0.2205,12068.4051008
12.625,2699.65644362,1000000,0.217766455737,0.987602973863,0.2205,12397.0261374
12.75,2772.19570682,1000000,0.217692046456,0.987265516807,0.2205,12734.4831929
12.875,2846.63182433,1000000,0.217615637812,0.986918992344,0.2205,13081.0076562
13,2923.01151625,1000000,0.217537177522,0.986563163366,0.2205,13436.8366343
13.125,3001.38249337,1000000,0.217456612017,0.986197786926,0.2205,13802.2130738
13.25,3081.79346909,1000000,0.217373886412,0.985822614115,0.2205,14177.3858855
13.375,3164.29417079,1000000,0.21728894448,0.985437389931,0.2205,14562.6100691
13.5,3248.93535073,1000000,0.217201728622,0.98504185316,0.2205,14958.1468405
13.625,3335.76879644,1000000,0.217112179841,0.984635736241,0.2205,15364.2637593
13.75,3424.84734049,1000000,0.217020237714,0.984218765141,0.2205,15781.2348589
13.875,3516.22486959,1000000,0.216925840359,0.983790659224,0.2205,16209.3407764
14,3609.95633302,1000000,0.216828924411,0.983351131115,0.2205,16648.8688851
14.125,3706.09775023,1000000,0.216729424989,0.982899886573,0.2205,17100.1134268
14.25,3804.70621766,1000000,0.21662727567,0.982436624354,0.2205,17563.3756455
14.375,3905.83991459,1000000,0.216522408455,0.981961036077,0.2205,18038.9639227
14.5,4009.55810802,1000000,0.216414753742,0.981472806088,0.2205,18527.1939121
14.625,4115.92115655,1000000,0.216304240297,0.980971611324,0.2205,19028.3886756
14.75,4224.99051302,1000000,0.21619079522,0.98045712118,0.2205,19542.8788201
14.875,4336.828726,1000000,0.216074343919,0.979928997366,0.2205,20071.0026343
15,4451.49943993,1000000,0.215954810077,0.979386893775,0.2205,20613.106225
15.125,4569.06739386,1000000,0.215832115624,0.978830456345,0.2205,21169.543655
15.25,4689.59841868,1000000,0.215706180704,0.978259322921,0.2205,21740.6770792
15.375,4813.15943279,1000000,0.215576923648,0.977673123118,0.2205,22326.8768816
15.5,4939.81843596,1000000,0.215444260941,0.977071478189,0.2205,22928.5218107
15.625,5069.6445015,1000000,0.215308107195,0.976454000885,0.2205,23545.9991152
15.75,5202.70776638,1000000,0.215168375119,0.975820295322,0.2205,24179.7046779
15.875,5339.07941935,1000000,0.215024975486,0.975169956851,0.2205,24830.0431486
16,5478.83168688,1000000,0.214877817109,0.974502571924,0.2205,25497.4280761
16.125,5622.03781681,1000000,0.214726806811,0.973817717963,0.2205,26182.2820369
16.25,5768.77205947,1000000,0.214571849394,0.973114963236,0.2205,26885.036764
16.375,5919.10964634,1000000,0.214412847614,0.972393866729,0.2205,27606.1332715
16.5,6073.12676588,1000000,0.214249702154,0.971653978023,0.2205,28346.0219773
16.625,6230.90053657,1000000,0.214082311598,0.970894837177,0.2205,29105.162823
16.75,6392.50897685,1000000,0.213910572401,0.97011597461,0.2205,29884.0253901
16.875,6558.03097191,1000000,0.213734378873,0.969316910988,0.2205,30683.0890122
17,6727.54623715,1000000,0.213553623144,0.968497157116,0.2205,31502.8428837
17.125,6901.13527801,1000000,0.213368195151,0.967656213837,0.2205,32343.7861633
17.25,7078.87934629,1000000,0.21317798261,0.966793571927,0.2205,33206.428073
17.375,7260.86039241,1000000,0.212982870998,0.965908712009,0.2205,34091.2879913
17.5,7447.16101372,1000000,0.212782743533,0.96500110446,0.2205,34998.8955404
17.625,7637.86439854,1000000,0.212577481158,0.964070209333,0.2205,35929.7906671
17.75,7833.05426577,1000000,0.21236696252,0.963115476283,0.2205,36884.5237169
17.875,8032.81479985,1000000,0.212151063962,0.9621363445,0.2205,37863.6555001
18,8237.23058091,1000000,0.211929659504,0.96113224265,0.2205,38867.7573501
18.125,8446.38650986,1000000,0.211702620836,0.960102588827,0.2205,39897.4111727
18.25,8660.36772829,1000000,0.211469817308,0.959046790514,0.2205,40953.2094865
18.375,8879.25953289,1000000,0.211231115923,0.957964244547,0.2205,42035.7554525
18.5,9103.14728419,1000000,0.210986381332,0.956854337106,0.2205,43145.6628941
18.625,9332.11630952,1000000,0.210735475835,0.955716443695,0.2205,44283.5563046
18.75,9566.25179976,1000000,0.210478259379,0.954549929157,0.2205,45450.0708433
18.875,9805.63869995,1000000,0.210214589564,0.953354147682,0.2205,46645.8523183
19,10050.3615933,1000000,0.209944321647,0.952128442844,0.2205,47871.5571558
19.125,10300.5045784,1000000,0.209667308556,0.950872147645,0.2205,49127.852355
19.25,10556.1511399,1000000,0.209383400898,0.949584584573,0.2205,50415.4154273
19.375,10817.3840114,1000000,0.209092446982,0.94826506568,0.2205,51734.9343197
19.5,11084.2850318,1000000,0.208794292836,0.946912892679,0.2205,53087.1073212
19.625,11356.9349935,1000000,0.208488782229,0.94552735705,0.2205,54472.6429501
19.75,11635.4134831,1000000,0.208175756709,0.944107740176,0.2205,55892.2598243
19.875,11919.7987144,1000000,0.207855055625,0.94265331349,0.2205,57346.6865097
20,12210.167353,1000000,0.207526516173,0.941163338651,0.2205,58836.661349
20.125,12506.5943331,1000000,0.207189973435,0.939637067732,0.2205,60362.9322681
20.25,12809.1526655,1000000,0.206845260429,0.93807374344,0.2205,61926.2565598
20.375,13117.9132373,1000000,0.206492208158,0.936472599357,0.2205,63527.4006429
20.5,13432.9446032,1000000,0.206130645675,0.934832860202,0.2205,65167.1397976
20.625,13754.3127677,1000000,0.205760400139,0.933153742127,0.2205,66846.257873
20.75,14082.0809587,1000000,0.205381296893,0.931434453031,0.2205,68565.546969
20.875,14416.3093921,1000000,0.204993159537,0.929674192911,0.2205,70325.8070888
21,14757.0550281,1000000,0.204595810009,0.927872154237,0.2205,72127.8457628
21.125,15104.3713175,1000000,0.20418906868,0.926027522359,0.2205,73972.4776413
21.25,15458.3079406,1000000,0.203772754446,0.924139475944,0.2205,75860.524056
21.375,15818.9105356,1000000,0.203346684833,0.922207187451,0.2205,77792.8125486
21.5,16186.2204199,1000000,0.202910676111,0.920229823634,0.2205,79770.1763656
21.625,16560.2743015,1000000,0.202464543411,0.918206546082,0.2205,81793.453918
21.75,16941.1039831,1000000,0.202008100851,0.916136511794,0.2205,83863.4882057
21.875,17328.736057,1000000,0.201541161672,0.914018873796,0.2205,85981.1262036
22,17723.1915922,1000000,0.201063538385,0.911852781789,0.2205,88147.2182107
22.125,18124.4858148,1000000,0.200575042916,0.90963738284,0.2205,90362.6171598
22.25,18532.6277798,1000000,0.200075486776,0.907371822113,0.2205,92628.1778866
22.375,18947.6200366,1000000,0.199564681223,0.905055243641,0.2205,94944.7563591
22.5,19369.4582879,1000000,0.199042437446,0.902686791136,0.2205,97313.2088637
22.625,19798.131043,1000000,0.198508566751,0.90026560885,0.2205,99734.3911497
22.75,20233.6192652,1000000,0.197962880765,0.89779084247,0.2205,102209.15753
22.875,20675.896015,1000000,0.197405191634,0.895261640062,0.2205,104738.359938
23,21124.926089,1000000,0.19683531225,0.89267715306,0.2205,107322.84694
23.125,21580.6656556,1000000,0.196253056474,0.890036537299,0.2205,109963.462701
23.25,22043.0618888,1000000,0.195658239377,0.887338954092,0.2205,112661.045908
23.375,22512.0525998,1000000,0.195050677484,0.884583571356,0.2205,115416.428644
23.5,22987.5658693,1000000,0.194430189034,0.881769564781,0.2205,118230.435219
23.625,23469.5196791,1000000,0.19379659425,0.878896119047,0.2205,121103.880953
23.75,23957.8215472,1000000,0.193149715614,0.875962429087,0.2205,124037.570913
23.875,24452.3681646,1000000,0.192489378157,0.872967701394,0.2205,127032.298606
24,24953.0450373,1000000,0.19181540976,0.869911155373,0.2205,130088.844627
24.125,25459.7261339,1000000,0.191127641456,0.866792024744,0.2205,133207.975256
24.25,25972.2735409,1000000,0.190425907754,0.863609558977,0.2205,136390.441023
24.375,26490.5371262,1000000,0.189710046965,0.860363024784,0.2205,139636.975216
24.5,27014.3542142,1000000,0.188979901535,0.857051707643,0.2205,142948.292357
24.625,27543.5492719,1000000,0.188235318397,0.853674913367,0.2205,146325.086633
24.75,28077.9336105,1000000,0.187476149321,0.850231969708,0.2205,149768.030292
24.875,28617.3051017,1000000,0.186702251275,0.846722228006,0.2205,153277.771994
25,29161.4479126,1000000,0.185913486804,0.843145064869,0.2205,156854.935131
25.125,29710.1322605,1000000,0.185109724395,0.83949988388,0.2205,160500.11612
25.25,30263.114189,1000000,0.184290838875,0.835786117347,0.2205,164213.882653
25.375,30820.135369,1000000,0.18345671179,0.832003228073,0.2205,167996.771927
25.5,31380.9229248,1000000,0.182607231809,0.828150711152,0.2205,171849.288848
25.625,31945.1892895,1000000,0.181742295121,0.824228095787,0.2205,175771.904213
25.75,32512.63209,1000000,0.180861805841,0.820234947126,0.2205,179765.052874
25.875,33082.9340654,1000000,0.179965676419,0.816170868114,0.2205,183829.131886
26,33655.7630195,1000000,0.179053828049,0.812035501356,0.2205,187964.498644
26.125,34230.7718112,1000000,0.178126191081,0.807828530979,0.2205,192171.469021
26.25,34807.598383,1000000,0.177182705433,0.803549684502,0.2205,196450.315498
26.375,35385.8658319,1000000,0.176223321002,0.799198734704,0.2205,200801.265296
26.5,35965.1825224,1000000,0.175247998075,0.794775501475,0.2205,205224.498525
26.625,36545.1422463,1000000,0.174256707732,0.79027985366,0.2205,209720.14634
26.75,37125.3244277,1000000,0.173249432249,0.785711710879,0.2205,214288.289121
26.875,37705.2943792,1000000,0.172226165494,0.781071045326,0.2205,218928.954674
27,38284.6036067,1000000,0.171186913318,0.776357883528,0.2205,223642.116472
27.125,38862.7901675,1000000,0.170131693931,0.771572308078,0.2205,228427.691922
27.25,39439.3790819,1000000,0.169060538277,0.766714459307,0.2205,233285.540693
27.375,40013.8827985,1000000,0.167973490391,0.761784536921,0.2205,238215.463079
27.5,40585.8017162,1000000,0.166870607747,0.756782801572,0.2205,243217.198428
27.625,41154.624762,1000000,0.165751961587,0.751709576357,0.2205,248290.423643
27.75,41719.8300261,1000000,0.164617637242,0.746565248262,0.2205,253434.751738
27.875,42280.8854535,1000000,0.163467734427,0.741350269509,0.2205,258649.730491
28,42837.2495938,1000000,0.162302367521,0.736065158827,0.2205,263934.841173
28.125,43388.372407,1000000,0.161121665829,0.730710502628,0.2205,269289.497372
28.25,43933.6961265,1000000,0.159925773815,0.725286956077,0.2205,274713.043923
28.375,44472.6561767,1000000,0.158714851315,0.719795244061,0.2205,280204.755939
28.5,45004.6821459,1000000,0.15748907373,0.714236162039,0.2205,285763.837961
28.625,45529.1988107,1000000,0.156248632178,0.708610576771,0.2205,291389.423229
28.75,46045.6272124,1000000,0.154993733636,0.702919426919,0.2205,297080.573081
28.875,46553.3857814,1000000,0.153724601036,0.697163723518,0.2205,302836.276482
29,47051.8915075,1000000,0.15244147334,0.691344550295,0.2205,308655.449705
29.125,47540.5611538,1000000,0.15114460558,0.685463063857,0.2205,314536.936143
29.25,48018.8125104,1000000,0.149834268864,0.679520493712,0.2205,320479.506288
29.375,48486.0656831,1000000,0.148510750344,0.673518142149,0.2205,326481.857851
29.5,48941.7444165,1000000,0.147174353158,0.667457383938,0.2205,332542.616062
29.625,49385.2774427,1000000,0.145825396328,0.661339665886,0.2205,338660.334114
29.75,49816.0998551,1000000,0.144464214618,0.655166506206,0.2205,344833.493794
29.875,50233.6544996,1000000,0.143091158366,0.648939493724,0.2205,351060.506276
30,50637.3933797,1000000,0.141706593264,0.642660286912,0.2205,357339.713088
30.125,51026.7790687,1000000,0.140310900109,0.636330612739,0.2205,363669.387261
30.25,51401.2861247,1000000,0.138904474511,0.629952265355,0.2205,370047.734645
30.375,51760.4025022,1000000,0.137487726562,0.62352710459,0.2205,376472.89541
30.5,52103.6309527,1000000,0.136061080468,0.617057054277,0.2205,382942.945723
30.625,52430.4904112,1000000,0.13462497414,0.610544100408,0.2205,389455.899592
30.75,52740.5173596,1000000,0.133179858748,0.603990289107,0.2205,396009.710893
30.875,53033.267162,1000000,0.131726198238,0.597397724437,0.2205,402602.275563
31,53308.3153658,1000000,0.130264468812,0.590768566041,0.2205,409231.433959
31.125,53565.2589616,1000000,0.12879515837,0.584105026621,0.2205,415894.973379
31.25,53803.7175963,1000000,0.12731876592,0.57740936925,0.2205,422590.63075
31.375,54023.3347331,1000000,0.125835800953,0.570683904551,0.2205,429316.095449
31.5,54223.7787527,1000000,0.12434678279,0.563930987709,0.2205,436069.012291
31.625,54404.74399,1000000,0.122852239888,0.557153015365,0.2205,442846.984635
31.75,54565.9517004,1000000,0.121352709132,0.550352422366,0.2205,449647.577634
31.875,54707.1509511,1000000,0.119848735088,0.543531678404,0.2205,456468.321596
32,54828.1194328,1000000,0.11834086924,0.536693284535,0.2205,463306.715465
32.125,54928.664187,1000000,0.116829669198,0.529839769606,0.2205,470160.230394
32.25,55008.6222443,1000000,0.115315697891,0.522973686583,0.2205,477026.313417
32.375,55067.8611715,1000000,0.113799522741,0.516097608802,0.2205,483902.391198
32.5,55106.2795234,1000000,0.112281714817,0.509214126156,0.2205,490785.873844
32.625,55123.807197,1000000,0.110762847988,0.502325841215,0.2205,497674.158785
32.75,55120.4056863,1000000,0.109243498052,0.495435365316,0.2205,504564.634684
32.875,55096.0682352,1000000,0.10772424187,0.488545314605,0.2205,511454.685395
33,55050.8198892,1000000,0.10620565649,0.481658306075,0.2205,518341.693925
33.125,54984.7174435,1000000,0.104688318266,0.474776953589,0.2205,525223.046411
33.25,54897.8492896,1000000,0.103172801992,0.467903863909,0.2205,532096.136091
33.375,54790.3351594,1000000,0.101659680021,0.461041632748,0.2205,538958.367252
33.5,54662.3257697,1000000,0.100149521408,0.454192840853,0.2205,545807.159147
33.625,54514.002367,1000000,0.098642891054,0.447360050131,0.2205,552639.949869
33.75,54345.5761773,1000000,0.0971403488637,0.440545799836,0.2205,559454.200164
33.875,54157.2877617,1000000,0.0956424489204,0.433752602813,0.2205,566247.397187
34,53949.4062826,1000000,0.0941497386764,0.426982941843,0.2205,573017.058157
34.125,53722.2286833,1000000,0.0926627581658,0.420239266058,0.2205,579760.733942
34.25,53476.0787862,1000000,0.0911820392377,0.413523987472,0.2205,586476.012528
34.375,53211.3063141,1000000,0.0897081048161,0.406839477624,0.2205,593160.522376
34.5,52928.2858385,1000000,0.0882414681858,0.400188064335,0.2205,599811.935665
34.625,52627.4156625,1000000,0.0867826323074,0.393572028605,0.2205,606427.971395
34.75,52309.1166419,1000000,0.0853320891632,0.386993601647,0.2205,613006.398353
34.875,51973.8309512,1000000,0.0838903191358,0.380454962067,0.2205,619545.037933
35,51622.0208012,1000000,0.0824577904202,0.373958233198,0.2205,626041.766802
35.125,51254.1671134,1000000,0.0810349584719,0.367505480598,0.2205,632494.519402
35.25,50870.768158,1000000,0.0796222654908,0.361098709709,0.2205,638901.290291
35.375,50472.3381622,1000000,0.0782201399434,0.354739863689,0.2205,645260.136311
35.5,50059.405895,1000000,0.0768289961228,0.348430821419,0.2205,651569.178581
35.625,49632.5132348,1000000,0.0754492337479,0.342173395682,0.2205,657826.604318
35.75,49192.213726,1000000,0.0740812376018,0.335969331528,0.2205,664030.668472
35.875,48739.0711317,1000000,0.072725377211,0.329820304812,0.2205,670179.695188
36,48273.6579872,1000000,0.0713820065629,0.32372792092,0.2205,676272.07908
36.125,47796.5541613,1000000,0.0700514638647,0.317693713672,0.2205,682306.286328
36.25,47308.3454311,1000000,0.0687340713406,0.311719144402,0.2205,688280.855598
36.375,46809.6220741,1000000,0.0674301350697,0.305805601223,0.2205,694194.398777
36.5,46300.977486,1000000,0.0661399448612,0.299954398464,0.2205,700045.601536
36.625,45783.0068247,1000000,0.0648637741693,0.294166776278,0.2205,705833.223722
36.75,45256.3056895,1000000,0.0636018800437,0.288443900425,0.2205,711556.099575
36.875,44721.4688364,1000000,0.0623545031181,0.282786862214,0.2205,717213.137786
37,44179.088935,1000000,0.0611218676333,0.277196678609,0.2205,722803.321391
37.125,43629.7553697,1000000,0.0599041814945,0.271674292492,0.2205,728325.707508
37.25,43074.0530896,1000000,0.0587016363622,0.266220573071,0.2205,733779.426929
37.375,42512.5615082,1000000,0.0575144077739,0.260836316435,0.2205,739163.683565
37.5,41945.8534563,1000000,0.0563426552973,0.255522246246,0.2205,744477.753754
37.625,41374.49419,1000000,0.0551865227114,0.250279014564,0.2205,749720.985436
37.75,40799.0404557,1000000,0.0540461382153,0.24510720279,0.2205,754892.79721
37.875,40220.0396128,1000000,0.0529216146627,0.240007322734,0.2205,759992.677266
38,39638.0288153,1000000,0.0518130498209,0.234979817782,0.2205,765020.182218
38.125,39053.5342534,1000000,0.0507205266517,0.23002506418,0.2205,769974.93582
38.25,38467.0704551,1000000,0.0496441136138,0.225143372398,0.2205,774856.627602
38.375,37879.1396473,1000000,0.0485838649844,0.220334988591,0.2205,779665.011409
38.5,37290.2311774,1000000,0.0475398211979,0.215600096136,0.2205,784399.903864
38.625,36700.8209928,1000000,0.0465120092011,0.210938817238,0.2205,789061.182762
38.75,36111.3711805,1000000,0.0455004428224,0.206351214614,0.2205,793648.785386
38.875,35522.3295625,1000000,0.0445051231543,0.201837293217,0.2205,798162.706783
39,34934.129348,1000000,0.0435260389457,0.197397002021,0.2205,802602.997979
39.125,34347.1888398,1000000,0.0425631670056,0.193030235853,0.2205,806969.764147
39.25,33761.9111947,1000000,0.0416164726132,0.188736837248,0.2205,811263.162752
39.375,33178.6842338,1000000,0.0406859099359,0.184516598349,0.2205,815483.401651
39.5,32597.8803028,1000000,0.0397714224517,0.180369262819,0.2205,819630.737181
39.625,32019.8561799,1000000,0.0388729433758,0.176294527781,0.2205,823705.472219
39.75,31444.9530283,1000000,0.0379903960899,0.172292045759,0.2205,827707.954241
39.875,30873.4963921,1000000,0.037123694572,0.16836142663,0.2205,831638.57337
40,30305.7962323,1000000,0.0362727438277,0.164502239581,0.2205,835497.760419
40.125,29742.1470022,1000000,0.0354374403191,0.160714015052,0.2205,839285.984948
40.25,29182.827758,1000000,0.0346176723923,0.156996246677,0.2205,843003.753323
40.375,28628.1023035,1000000,0.0338133207022,0.153348393207,0.2205,846651.606793
40.5,28078.2193662,1000000,0.0330242586325,0.149769880419,0.2205,850230.119581
40.625,27533.4128019,1000000,0.0322503527112,0.146260102999,0.2205,853739.897001
40.75,26993.9018272,1000000,0.0314914630209,0.142818426398,0.2205,857181.573602
40.875,26459.891275,1000000,0.0307474436017,0.13944418867,0.2205,860555.81133
41,25931.5718731,1000000,0.0300181428485,0.136136702261,0.2205,863863.297739
41.125,25409.1205425,1000000,0.0293034038987,0.132895255777,0.2205,867104.744223
41.25,24892.7007136,1000000,0.0286030650138,0.129719115709,0.2205,870280.884291
41.375,24382.4626584,1000000,0.0279169599504,0.12660752812,0.2205,873392.47188
41.5,23878.5438361,1000000,0.0272449183233,0.123559720287,0.2205,876440.279713
41.625,23381.0692507,1000000,0.0265867659588,0.120574902308,0.2205,879425.097692
41.75,22890.1518193,1000000,0.0259423252376,0.117652268651,0.2205,882347.731349
41.875,22405.892748,1000000,0.0253114154281,0.114790999674,0.2205,885209.000326
42,21928.3819143,1000000,0.0246938530092,0.11199026308,0.2205,888009.73692
42.125,21457.6982556,1000000,0.0240894519827,0.109249215341,0.2205,890750.784659
42.25,20993.9101605,1000000,0.0234980241746,0.106567003059,0.2205,893432.996941
42.375,20537.0758621,1000000,0.0229193795258,0.103942764289,0.2205,896057.235711
42.5,20087.2438331,1000000,0.0223533263723,0.101375629806,0.2205,898624.370194
42.625,19644.4531797,1000000,0.0217996717142,0.0988647243273,0.2205,901135.275673
42.75,19208.7340348,1000000,0.0212582214734,0.0964091676798,0.2205,903590.83232
42.875,18780.1079478,1000000,0.0207287807416,0.0940080759255,0.2205,905991.924075
43,18358.5882717,1000000,0.0202111540163,0.091660562432,0.2205,908339.437568
43.125,17944.1805458,1000000,0.019705145427,0.089365738898,0.2205,910634.261102
43.25,17536.8828727,1000000,0.0192105589507,0.0871227163298,0.2205,912877.28367
43.375,17136.6862899,1000000,0.0187271986165,0.0849306059707,0.2205,915069.394029
43.5,16743.5751348,1000000,0.0182548687007,0.0827885201845,0.2205,917211.479816
43.625,16357.5274025,1000000,0.017793373911,0.0806955732926,0.2205,919304.426707
43.75,15978.515096,1000000,0.017342519562,0.0786508823673,0.2205,921349.117633
43.875,15606.5045684,1000000,0.0169021117397,0.0766535679803,0.2205,923346.43202
44,15241.4568567,1000000,0.0164719574575,0.0747027549093,0.2205,925297.245091
44.125,14883.3280063,1000000,0.0160518648029,0.0727975728022,0.2205,927202.427198
44.25,14532.0693873,1000000,0.0156416430747,0.0709371568014,0.2205,929062.843199
44.375,14187.6280007,1000000,0.0152411029122,0.069120648128,0.2205,930879.351872
44.5,13849.9467758,1000000,0.0148500564154,0.0673471946279,0.2205,932652.805372
44.625,13518.9648572,1000000,0.0144683172574,0.0656159512809,0.2205,934384.048719
44.75,13194.6178828,1000000,0.0140957007886,0.0639260806738,0.2205,936073.919326
44.875,12876.838252,1000000,0.0137320241332,0.0622767534384,0.2205,937723.246562
45,12565.5553836,1000000,0.0133771062788,0.0606671486569,0.2205,939332.851343
45.125,12260.6959645,1000000,0.0130307681586,0.059096454234,0.2205,940903.545766
45.25,11962.1841881,1000000,0.0126928327261,0.0575638672384,0.2205,942436.132762
45.375,11669.9419842,1000000,0.0123631250244,0.0560685942149,0.2205,943931.405785
45.5,11383.8892375,1000000,0.0120414722484,0.0546098514669,0.2205,945390.148533
45.625,11103.9439988,1000000,0.0117277038013,0.0531868653122,0.2205,946813.134688
45.75,10830.0226853,1000000,0.0114216513449,0.0517988723123,0.2205,948201.127688
45.875,10562.0402722,1000000,0.0111231488446,0.0504451194767,0.2205,949554.880523
46,10299.910476,1000000,0.0108320326096,0.0491248644426,0.2205,950875.135557
46.125,10043.5459282,1000000,0.0105481413271,0.0478373756331,0.2205,952162.624367
46.25,9792.85834066,1000000,0.0102713160925,0.0465819323921,0.2205,953418.067608
46.375,9547.75866279,1000000,0.0100014004344,0.0453578250995,0.2205,954642.1749
46.5,9308.15723042,1000000,0.0097382403363,0.0441643552667,0.2205,955835.644733
46.625,9073.96390676,1000000,0.00948168425264,0.0430008356129,0.2205,956999.164387
46.75,8845.08821567,1000000,0.00923158312246,0.0418665901245,0.2205,958133.409875
46.875,8621.43946746,1000000,0.00898779037852,0.0407609540976,0.2205,959239.045902
47,8402.92687742,1000000,0.00875016195319,0.0396832741641,0.2205,960316.725836
47.125,8189.45967744,1000000,0.00851855628113,0.0386329083045,0.2205,961367.091696
47.25,7980.94722074,1000000,0.00829283429877,0.0376092258448,0.2205,962390.774155
47.375,7777.29908021,1000000,0.008072859441,0.0366116074422,0.2205,963388.392558
47.5,7578.42514041,1000000,0.0078584976351,0.0356394450572,0.2205,964360.554943
47.625,7384.23568348,1000000,0.00764961729217,0.0346921419146,0.2205,965307.858085
47.75,7194.64146936,1000000,0.00744608929615,0.0337691124542,0.2205,966230.887546
47.875,7009.55381032,1000000,0.00724778699065,0.0328697822705,0.2205,967130.217729
48,6828.8846402,1000000,0.00705458616375,0.0319935880442,0.2205,968006.411956
48.125,6652.54657853,1000000,0.00686636503085,0.0311399774642,0.2205,968860.022536
48.25,6480.45298971,1000000,0.00668300421578,0.0303084091419,0.2205,969691.590858
48.375,6312.51803757,1000000,0.00650438673025,0.0294983525182,0.2205,970501.647482
48.5,6148.65673539,1000000,0.00633039795184,0.0287092877635,0.2205,971290.712237
48.625,5988.78499171,1000000,0.00616092560058,0.0279407056715,0.2205,972059.294328
48.75,5832.81965205,1000000,0.00599585971424,0.0271921075476,0.2205,972807.892452
48.875,5680.6785368,1000000,0.00583509262258,0.0264630050911,0.2205,973536.994909
49,5532.28047538,1000000,0.00567851892041,0.025752920274,0.2205,974247.079726
49.125,5387.54533694,1000000,0.00552603543981,0.0250613852145,0.2205,974938.614785
49.25,5246.39405779,1000000,0.00537754122146,0.0243879420474,0.2205,975612.057953
49.375,5108.74866563,1000000,0.00523293748524,0.0237321427902,0.2205,976267.85721
49.5,4974.53230084,1000000,0.00509212760014,0.023093549207,0.2205,976906.450793
49.625,4843.669235,1000000,0.0049550170536,0.0224717326694,0.2205,977528.267331
49.75,4716.0848867,1000000,0.00482151342031,0.021866274015,0.2205,978133.725985
49.875,4591.70583488,1000000,0.00469152633062,0.0212767634042,0.2205,978723.236596
50,4470.45982986,1000000,0.00456496743855,0.0207028001748,0.2205,979297.199825
50.125,4352.27580208,1000000,0.00444175038949,0.0201439926961,0.2205,979856.007304
50.25,4237.08386882,1000000,0.00432179078769,0.0195999582208,0.2205,980400.041779
50.375,4124.81533891,1000000,0.00420500616356,0.0190703227372,0.2205,980929.677263
50.5,4015.40271571,1000000,0.00409131594078,0.0185547208199,0.2205,981445.27918
50.625,3908.77969829,1000000,0.00398064140343,0.0180527954804,0.2205,981947.20452
50.75,3804.88118102,1000000,0.00387290566299,0.0175641980181,0.2205,982435.801982
50.875,3703.64325174,1000000,0.00376803362544,0.0170885878705,0.2205,982911.41213
51,3605.00318843,1000000,0.00366595195832,0.016625632464,0.2205,983374.367536
51.125,3508.89945472,1000000,0.00356658905794,0.0161750070655,0.2205,983824.992935
51.25,3415.27169412,1000000,0.00346987501671,0.0157363946336,0.2205,984263.605366
51.375,3324.06072313,1000000,0.00337574159065,0.0153094856719,0.2205,984690.514328
51.5,3235.20852339,1000000,0.00328412216696,0.0148939780815,0.2205,985106.021919
51.625,3148.65823285,1000000,0.00319495173204,0.014489577016,0.2205,985510.422984
51.75,3064.35413608,1000000,0.0031081668395,0.0140959947369,0.2205,985904.005263
51.875,2982.24165378,1000000,0.00302370557862,0.0137129504699,0.2205,986287.04953
52,2902.26733158,1000000,0.00294150754304,0.0133401702632,0.2205,986659.829737
52.125,2824.37882816,1000000,0.00286151379971,0.0129773868468,0.2205,987022.613153
52.25,2748.5249028,1000000,0.00278366685826,0.0126243394932,0.2205,987375.660507
52.375,2674.65540236,1000000,0.00270791064063,0.0122807738804,0.2205,987719.22612
52.5,2602.72124778,1000000,0.0026341904511,0.0119464419551,0.2205,988053.558045
52.625,2532.67442016,1000000,0.00256245294671,0.0116211017991,0.2205,988378.898201
52.75,2464.46794646,1000000,0.002492646108,0.0113045174966,0.2205,988695.482503
52.875,2398.05588484,1000000,0.00242471921023,0.0109964590033,0.2205,989003.540997
53,2333.39330969,1000000,0.0023586227949,0.0106967020177,0.2205,989303.297982
53.125,2270.43629648,1000000,0.0022943086418,0.010405027854,0.2205,989594.972146
53.25,2209.14190628,1000000,0.00223172974138,0.0101212233169,0.2205,989878.776683
53.375,2149.46817023,1000000,0.00217084026759,0.00984508057863,0.2205,990154.919421
53.5,2091.37407372,1000000,0.00211159555115,0.00957639705735,0.2205,990423.602943
53.625,2034.8195406,1000000,0.00205395205324,0.00931497529814,0.2205,990685.024702
53.75,1979.76541717,1000000,0.00199786733965,0.00906062285556,0.2205,990939.377144
53.875,1926.17345622,1000000,0.00194330005534,0.00881315217842,0.2205,991186.847822
54,1874.00630098,1000000,0.00189020989945,0.00857238049639,0.2205,991427.619504
54.125,1823.22746903,1000000,0.00183855760078,0.00833812970877,0.2205,991661.870291
54.25,1773.80133633,1000000,0.00178830489367,0.00811022627514,0.2205,991889.773725
54.375,1725.69312117,1000000,0.00173941449434,0.0078885011081,0.2205,992111.498892
54.5,1678.86886823,1000000,0.00169185007768,0.00767278946795,0.2205,992327.210532
54.625,1633.29543269,1000000,0.0016455762545,0.00746293085942,0.2205,992537.069141
54.75,1588.94046447,1000000,0.00160055854914,0.00725876893034,0.2205,992741.23107
54.875,1545.77239249,1000000,0.00155676337759,0.00706015137228,0.2205,992939.848628
55,1503.76040911,1000000,0.00151415802602,0.00686692982322,0.2205,993133.070177
55.125,1462.87445469,1000000,0.00147271062974,0.00667895977208,0.2205,993321.040228
55.25,1423.08520225,1000000,0.00143239015259,0.00649610046524,0.2205,993503.899535
55.375,1384.36404232,1000000,0.0013931663667,0.00631821481496,0.2205,993681.785185
55.5,1346.68306794,1000000,0.00135500983278,0.00614516930967,0.2205,993854.83069
55.625,1310.01505982,1000000,0.00131789188072,0.00597683392618,0.2205,994023.166074
55.75,1274.33347165,1000000,0.00128178459064,0.0058130820437,0.2205,994186.917956
55.875,1239.61241566,1000000,0.00124666077432,0.00565379035974,0.2205,994346.20964
56,1205.82664829,1000000,0.00121249395712,0.00549883880779,0.2205,994501.161192
56.125,1172.95155613,1000000,0.00117925836012,0.00534811047675,0.2205,994651.889523
56.25,1140.96314199,1000000,0.00114692888286,0.00520149153223,0.2205,994798.508468
56.375,1109.83801118,1000000,0.00111548108626,0.00505887113948,0.2205,994941.128861
56.5,1079.5533581,1000000,0.00108489117607,0.00492014138809,0.2205,995079.858612
56.625,1050.08695285,1000000,0.00105513598664,0.00478519721832,0.2205,995214.802782
56.75,1021.41712826,1000000,0.001026192965,0.00465393634922,0.2205,995346.063651
56.875,993.522766961,1000000,0.000998040155405,0.00452625920819,0.2205,995473.740792
57,966.383288776,1000000,0.000970656184141,0.00440206886232,0.2205,995597.931138
57.125,939.978638292,1000000,0.000944020244744,0.00428127095122,0.2205,995718.729049
57.25,914.289272651,1000000,0.000918112083526,0.00416377362143,0.2205,995836.226379
57.375,889.296149558,1000000,0.000892911985448,0.00404948746235,0.2205,995950.512538
57.5,864.980715516,1000000,0.000868400760326,0.00393832544366,0.2205,996061.674556
57.625,841.324894269,1000000,0.000844559729355,0.00383020285422,0.2205,996169.797146
57.75,818.311075464,1000000,0.000821370711956,0.00372503724243,0.2205,996274.962758
57.875,795.92210354,1000000,0.000798816012939,0.003622748358,0.2205,996377.251642
58,774.141266813,1000000,0.00077687840996,0.00352325809506,0.2205,996476.741905
58.125,752.952286798,1000000,0.000755541141293,0.00342649043671,0.2205,996573.509563
58.25,732.339307725,1000000,0.000734787893889,0.00333237140086,0.2205,996667.628599
58.375,712.286886278,1000000,0.000714602791719,0.00324082898739,0.2205,996759.171013
58.5,692.779981536,1000000,0.000694970384416,0.0031517931266,0.2205,996848.206873
58.625,673.80394513,1000000,0.000675875636175,0.00306519562891,0.2205,996934.804371
58.75,655.344511597,1000000,0.000657303914938,0.00298097013577,0.2205,997019.029864
58.875,637.387788944,1000000,0.000639240981837,0.00289905207182,0.2205,997100.947928
59,619.920249407,1000000,0.000621672980904,0.0028193785982,0.2205,997180.621402
59.125,602.928720412,1000000,0.00060458642903,0.00274188856703,0.2205,997258.111433
59.25,586.400375736,1000000,0.000587968206173,0.00266652247698,0.2205,997333.477523
59.375,570.32272685,1000000,0.000571805545817,0.00259322243001,0.2205,997406.77757
59.5,554.683614466,1000000,0.000556086025658,0.00252193208915,0.2205,997478.067911
59.625,539.471200261,1000000,0.000540797558535,0.00245259663735,0.2205,997547.403363
59.75,524.673958794,1000000,0.000525928383577,0.00238516273731,0.2205,997614.837263
59.875,510.280669602,1000000,0.000511467057588,0.00231957849246,0.2205,997680.421508
60,496.280409472,1000000,0.000497402446632,0.00225579340876,0.2205,997744.206591
60.125,482.662544897,1000000,0.000483723717846,0.00219375835758,0.2205,997806.241642
60.25,469.416724703,1000000,0.000470420331452,0.00213342553947,0.2205,997866.574461
60.375,456.532872839,1000000,0.000457482032978,0.00207474844888,0.2205,997925.251551
60.5,444.001181349,1000000,0.00044489884567,0.00201768183977,0.2205,997982.31816
60.625,431.812103492,1000000,0.000432661063109,0.00196218169211,0.2205,998037.818308
60.75,419.956347042,1000000,0.000420759242007,0.00190820517917,0.2205,998091.794821
60.875,408.424867728,1000000,0.000409184195191,0.00185571063579,0.2205,998144.289364
61,397.208862846,1000000,0.000397926984775,0.00180465752732,0.2205,998195.342473
61.125,386.299765012,1000000,0.000386978915492,0.00175500641947,0.2205,998244.993581
61.25,375.689236069,1000000,0.000376331528219,0.00170671894884,0.2205,998293.281051
61.375,365.369161146,1000000,0.00036597659365,0.00165975779433,0.2205,998340.242206
61.5,355.331642852,1000000,0.000355906106146,0.00161408664919,0.2205,998385.913351
61.625,345.568995614,1000000,0.00034611227774,0.00156967019383,0.2205,998430.329806
61.75,336.073740158,1000000,0.000336587532298,0.00152647406938,0.2205,998473.525931
61.875,326.83859812,1000000,0.000327324499835,0.00148446485186,0.2205,998515.535148
62,317.856486789,1000000,0.000318316010975,0.0014436100271,0.2205,998556.389973
62.125,309.120513985,1000000,0.000309555091557,0.00140387796625,0.2205,998596.122034
62.25,300.623973057,1000000,0.000301034957391,0.001365237902,0.2205,998634.762098
62.375,292.360338012,1000000,0.000292749009133,0.00132765990537,0.2205,998672.340095
62.5,284.323258758,1000000,0.000284690827317,0.00129111486312,0.2205,998708.885137
62.625,276.506556477,1000000,0.000276854167497,0.00125557445577,0.2205,998744.425544
62.75,268.904219098,1000000,0.000269232955534,0.00122101113621,0.2205,998778.988864
62.875,261.510396899,1000000,0.000261821282996,0.00118739810882,0.2205,998812.601891
63,254.319398215,1000000,0.000254613402681,0.00115470930921,0.2205,998845.290691
63.125,247.325685246,1000000,0.000247603724268,0.00112291938443,0.2205,998877.080616
63.25,240.523869987,1000000,0.000240786810068,0.00109200367378,0.2205,998907.996326
63.375,233.908710247,1000000,0.000234157370902,0.00106193819003,0.2205,998938.06181
63.5,227.475105779,1000000,0.000227710262075,0.00103269960125,0.2205,998967.300399
63.625,221.218094502,1000000,0.000221440479472,0.00100426521303,0.2205,998995.734787
63.75,215.132848828,1000000,0.000215343155743,0.000976612951214,0.2205,999023.387049
63.875,209.214672072,1000000,0.000209413556597,0.000949721345111,0.2205,999050.278655
64,203.458994966,1000000,0.000203647077198,0.000923569511102,0.2205,999076.430489
64.125,197.861372254,1000000,0.000198039238649,0.000898137136731,0.2205,999101.862863
64.25,192.41747938,1000000,0.000192585684576,0.000873404465199,0.2205,999126.595535
64.375,187.123109256,1000000,0.000187282177801,0.000849352280277,0.2205,999150.64772
64.5,181.974169125,1000000,0.000182124597102,0.00082596189162,0.2205,999174.038108
64.625,176.966677492,1000000,0.000177108934066,0.000803215120479,0.2205,999196.78488
64.75,172.096761141,1000000,0.000172231290017,0.000781094285792,0.2205,999218.905714
64.875,167.360652233,1000000,0.000167487873038,0.00075958219065,0.2205,999240.417809
65,162.754685474,1000000,0.000162874995061,0.000738662109121,0.2205,999261.337891
65.125,158.275295359,1000000,0.000158389069043,0.000718317773437,0.2205,999281.682227
65.25,153.919013491,1000000,0.000154026606214,0.000698533361517,0.2205,999301.466638
65.375,149.682465965,1000000,0.000149784213405,0.00067929348483,0.2205,999320.706515
65.5,145.562370823,1000000,0.000145658590437,0.000660583176585,0.2205,999339.416823
65.625,141.555535578,1000000,0.000141646527591,0.000642387880232,0.2205,999357.61212
65.75,137.658854805,1000000,0.000137744903142,0.000624693438284,0.2205,999375.306562
65.875,133.869307782,1000000,0.000133950680956,0.000607486081434,0.2205,999392.513919
66,130.183956214,1000000,0.00013026090816,0.000590752417961,0.2205,999409.247582
66.125,126.599942,1000000,0.000126672712867,0.000574479423434,0.2205,999425.520577
66.25,123.114485068,1000000,0.000123183301966,0.000558654430684,0.2205,999441.345569
66.375,119.724881265,1000000,0.000119789958971,0.000543265120051,0.2205,999456.73488
66.5,116.428500299,1000000,0.000116490041931,0.000528299509893,0.2205,999471.70049
66.625,113.222783747,1000000,0.000113280981392,0.000513745947355,0.2205,999486.254053
66.75,110.1052431,1000000,0.000110160278415,0.000499593099387,0.2205,999500.406901
66.875,107.073457875,1000000,0.000107125502652,0.000485829943999,0.2205,999514.170056
67,104.125073767,1000000,0.000104174290469,0.000472445761765,0.2205,999527.554238
67.125,101.257800856,1000000,0.000101304343123,0.000459430127544,0.2205,999540.569872
67.25,98.4694118585,1000000,0.0000985134249874,0.000446772902437,0.2205,999553.227098
67.375,95.7577404274,1000000,0.000095799361823,0.000434464225955,0.2205,999565.535774
67.5,93.1206794976,1000000,0.0000931600391025,0.000422494508401,0.2205,999577.505492
67.625,90.5561796745,1000000,0.0000905934003738,0.000410854423464,0.2205,999589.145577
67.75,88.0622476673,1000000,0.0000880974456715,0.000399534901005,0.2205,999600.465099
67.875,85.6369447625,1000000,0.0000856702299702,0.000388527120046,0.2205,999611.47288
68,83.2783853398,1000000,0.0000833098616802,0.000377822501951,0.2205,999622.177498
68.125,80.9847354273,1000000,0.0000810145011843,0.000367412703783,0.2205,999632.587296
68.25,78.7542112954,1000000,0.0000787823594141,0.000357289611855,0.2205,999642.710388
68.375,76.5850780886,1000000,0.0000766116964652,0.000347445335443,0.2205,999652.554665
68.5,74.4756484943,1000000,0.0000745008202504,0.000337872200682,0.2205,999662.127799
68.625,72.424281447,1000000,0.0000724480851888,0.00032856274462,0.2205,999671.437255
68.75,70.4293808682,1000000,0.0000704518909314,0.000319509709439,0.2205,999680.490291
68.875,68.489394439,1000000,0.0000685106811212,0.000310706036831,0.2205,999689.293963
69,66.6028124073,1000000,0.000066622942187,0.000302144862526,0.2205,999697.855137
69.125,64.7681664259,1000000,0.00006478720217,0.000293819510975,0.2205,999706.180489
69.25,62.9840284231,1000000,0.0000630020295829,0.000285723490172,0.2205,999714.27651
69.375,61.2490095026,1000000,0.0000612660322994,0.000277850486619,0.2205,999722.149513
69.5,59.5617588742,1000000,0.0000595778564751,0.000270194360431,0.2205,999729.80564
69.625,57.9209628131,1000000,0.0000579361854961,0.000262749140572,0.2205,999737.250859
69.75,56.325343647,1000000,0.0000563397389585,0.00025550902022,0.2205,999744.49098
69.875,54.7736587711,1000000,0.0000547872716743,0.000248468352264,0.2205,999751.531648
70,53.2646996896,1000000,0.0000532775727044,0.000241621644918,0.2205,999758.378355
70.125,51.7972910831,1000000,0.0000518094644192,0.000234963557457,0.2205,999765.036443
70.25,50.3702899015,1000000,0.0000503818015837,0.000228488896071,0.2205,999771.511104
70.375,48.9825844812,1000000,0.0000489934704683,0.000222192609834,0.2205,999777.80739
70.5,47.6330936869,1000000,0.0000476433879835,0.000216069786773,0.2205,999783.930213
70.625,46.3207660755,1000000,0.0000463305008388,0.000210115650063,0.2205,999789.88435
70.75,45.0445790843,1000000,0.0000450537847238,0.000204325554303,0.2205,999795.674446
70.875,43.8035382399,1000000,0.0000438122435128,0.000198694981918,0.2205,999801.305018
71,42.5966763893,1000000,0.0000426049084901,0.000193219539638,0.2205,999806.78046
71.125,41.4230529517,1000000,0.0000414308375971,0.000187894955089,0.2205,999812.105045
71.25,40.281753191,1000000,0.0000402891147001,0.00018271707347,0.2205,999817.282927
71.375,39.1718875073,1000000,0.0000391788488778,0.000177681854321,0.2205,999822.318146
71.5,38.0925907486,1000000,0.0000380991737284,0.000172785368383,0.2205,999827.214632
71.625,37.0430215409,1000000,0.0000370492466959,0.000168023794539,0.2205,999831.976205
71.75,36.0223616361,1000000,0.0000360282484147,0.000163393416847,0.2205,999836.606583
71.875,35.0298152784,1000000,0.0000350353820721,0.000158890621642,0.2205,999841.109378
72,34.0646085879,1000000,0.0000340698727885,0.000154511894732,0.2205,999845.488105
72.125,33.1259889599,1000000,0.0000331309670143,0.000150253818659,0.2205,999849.746181
72.25,32.2132244826,1000000,0.0000322179319435,0.000146113070039,0.2205,999853.88693
72.375,31.3256033685,1000000,0.0000313300549437,0.000142086416978,0.2205,999857.913583
72.5,30.462433403,1000000,0.0000304666430009,0.000138170716557,0.2205,999861.829283
72.625,29.6230414072,1000000,0.0000296270221802,0.000134362912382,0.2205,999865.637088
72.75,28.8067727157,1000000,0.0000288105371014,0.000130660032206,0.2205,999869.339968
72.875,28.0129906684,1000000,0.0000280165504284,0.000127059185617,0.2205,999872.940814
73,27.2410761163,1000000,0.0000272444423731,0.000123557561783,0.2205,999876.442438
73.125,26.4904269411,1000000,0.0000264936102127,0.000120152427268,0.2205,999879.847573
73.25,25.7604575876,1000000,0.0000257634678201,0.000116841123901,0.2205,999883.158876
73.375,25.0505986087,1000000,0.0000250534452079,0.000113621066702,0.2205,999886.378933
73.5,24.3602962235,1000000,0.0000243629880837,0.000110489741876,0.2205,999889.510258
73.625,23.6890118867,1000000,0.0000236915574191,0.000107444704848,0.2205,999892.555295
73.75,23.0362218705,1000000,0.0000230386290289,0.000104483578363,0.2205,999895.516422
73.875,22.4014168577,1000000,0.0000224036931637,0.000101604050629,0.2205,999898.395949
74,21.7841015452,1000000,0.0000217862541115,0.0000988038735217,0.2205,999901.196126
74.125,21.1837942599,1000000,0.0000211858298127,0.0000960808608285,0.2205,999903.919139
74.25,20.6000265836,1000000,0.0000206019514834,0.0000934328865461,0.2205,999906.567113
74.375,20.032342989,1000000,0.0000200341632507,0.0000908578832231,0.2205,999909.142117
74.5,19.4803004856,1000000,0.0000194820217971,0.0000883538403494,0.2205,999911.64616
74.625,18.943468275,1000000,0.0000189450960149,0.0000859188027889,0.2205,999914.081197
74.75,18.4214274157,1000000,0.0000184229666706,0.0000835508692545,0.2205,999916.449131
74.875,17.9137704978,1000000,0.0000179152260775,0.0000812481908276,0.2205,999918.751809
75,17.4201013251,1000000,0.0000174214777781,0.0000790089695153,0.2205,999920.99103
75.125,16.9400346078,1000000,0.0000169413362354,0.0000768314568497,0.2205,999923.168543
75.25,16.473195662,1000000,0.0000164744265315,0.0000747139525238,0.2205,999925.286047
75.375,16.0192201182,1000000,0.0000160203840761,0.0000726548030661,0.2205,999927.345197
75.5,15.5777536381,1000000,0.0000155788543216,0.0000706524005513,0.2205,999929.347599
75.625,15.1484516383,1000000,0.0000151494924869,0.0000687051813465,0.2205,999931.294819
75.75,14.7309790222,1000000,0.0000147319632886,0.0000668116248917,0.2205,999933.188375
75.875,14.3250099193,1000000,0.0000143259406793,0.0000649702525138,0.2205,999935.029747
76,13.9302274312,1000000,0.0000139311075934,0.0000631796262739,0.2205,999936.820374
76.125,13.546323385,1000000,0.0000135471556998,0.000061438347845,0.2205,999938.561652
76.25,13.172998093,1000000,0.0000131737851615,0.0000597450574219,0.2205,999940.254943
76.375,12.8099601197,1000000,0.0000128107044016,0.0000580984326602,0.2205,999941.901567
76.5,12.4569260547,1000000,0.0000124576298758,0.0000564971876453,0.2205,999943.502812
76.625,12.1136202917,1000000,0.0000121142858514,0.0000549400718886,0.2205,999945.059928
76.75,11.7797748138,1000000,0.0000117804041921,0.0000534258693521,0.2205,999946.574131
76.875,11.455128985,1000000,0.0000114557241488,0.0000519533975003,0.2205,999948.046602
77,11.139429347,1000000,0.0000111399921562,0.0000505215063772,0.2205,999949.478494
77.125,10.8324294214,1000000,0.0000108329616348,0.0000491290777088,0.2205,999950.870922
77.25,10.533889518,1000000,0.0000105343927989,0.0000477750240312,0.2205,999952.224976
77.375,10.2435765479,1000000,0.000010244052469,0.0000464582878414,0.2205,999953.541712
77.5,9.96126384169,1000000,0.00000996171389041,0.0000451778407728,0.2205,999954.822159
77.625,9.68673097301,1000000,0.00000968715655579,0.0000439326827927,0.2205,999956.067317
77.75,9.41976358648,1000000,0.00000942016603332,0.000042721841421,0.2205,999957.278159
77.875,9.16015323087,1000000,0.00000916053379948,0.0000415443709727,0.2205,999958.455629
78,8.90769719633,1000000,0.00000890805707606,0.0000403993518189,0.2205,999959.600648
78.125,8.66219835654,1000000,0.00000866253867208,0.0000392858896693,0.2205,999960.71411
78.25,8.423465015,1000000,0.00000842378682989,0.0000382031148748,0.2205,999961.796885
78.375,8.19131075542,1000000,0.00000819161507541,0.0000371501817479,0.2205,999962.849818
78.5,7.96555429658,1000000,0.00000796584207272,0.0000361262679035,0.2205,999963.873732
78.625,7.74601935075,1000000,0.00000774629148241,0.0000351305736164,0.2205,999964.869426
78.75,7.53253448641,1000000,0.00000753279182406,0.0000341623211976,0.2205,999965.837679
78.875,7.32493299439,1000000,0.00000732517634227,0.0000332207543867,0.2205,999966.779246
79,7.12305275798,1000000,0.00000712328287661,0.0000323051377624,0.2205,999967.694862
79.125,6.9267361264,1000000,0.00000692695373496,0.0000314147561676,0.2205,999968.585244
79.25,6.73582979192,1000000,0.00000673603557049,0.0000305489141519,0.2205,999969.451086
79.375,6.55018467014,1000000,0.00000655037926183,0.0000297069354278,0.2205,999970.293065
79.5,6.36965578392,1000000,0.00000636983979688,0.0000288881623441,0.2205,999971.111838
79.625,6.19410215,1000000,0.00000619427615933,0.0000280919553711,0.2205,999971.908045
79.75,6.02338666929,1000000,0.00000602355121881,0.0000273176926023,0.2205,999972.682307
79.875,5.85737601976,1000000,0.00000585753162374,0.0000265647692687,0.2205,999973.435231
80,5.69594055245,1000000,0.00000569608769719,0.0000258325972662,0.2205,999974.167403
80.125,5.53895419035,1000000,0.00000553909333573,0.0000251206046972,0.2205,999974.879395
80.25,5.38629432997,1000000,0.00000538642591085,0.0000244282354234,0.2205,999975.571765
80.375,5.23784174577,1000000,0.00000523796617339,0.0000237549486322,0.2205,999976.245051
80.5,5.09348049706,1000000,0.00000509359816029,0.000023100218414,0.2205,999976.899782
80.625,4.95309783751,1000000,0.00000495320910409,0.0000224635333519,0.2205,999977.536467
80.75,4.81658412727,1000000,0.00000481668934494,0.0000218443961222,0.2205,999978.155604
80.875,4.68383274734,1000000,0.00000468393224494,0.0000212423231063,0.2205,999978.757677
81,4.55474001634,1000000,0.00000455483410484,0.0000206568440129,0.2205,999979.343156
81.125,4.42920510969,1000000,0.00000442929408314,0.0000200875015108,0.2205,999979.912498
81.25,4.30712998083,1000000,0.00000430721411731,0.0000195338508722,0.2205,999980.466149
81.375,4.18841928476,1000000,0.00000418849884722,0.0000189954596246,0.2205,999981.00454
81.5,4.07298030359,1000000,0.0000040730555407,0.000018471907214,0.2205,999981.528093
81.625,3.9607228742,1000000,0.00000396079402109,0.0000179627846761,0.2205,999982.037215
81.75,3.85155931783,1000000,0.00000385162659687,0.0000174676943169,0.2205,999982.532306
81.875,3.74540437172,1000000,0.00000374546799318,0.0000169862494022,0.2205,999983.013751
82,3.64217512247,1000000,0.00000364223528519,0.0000165180738557,0.2205,999983.481926
82.125,3.54179094138,1000000,0.00000354184783338,0.0000160628019654,0.2205,999983.937198
82.25,3.44417342143,1000000,0.00000344422722053,0.0000156200780976,0.2205,999984.379922
82.375,3.34924631627,1000000,0.00000334929719061,0.00001518955642,0.2205,999984.810444
82.5,3.25693548042,1000000,0.000003256983589,0.0000147709006304,0.2205,999985.229099
82.625,3.16716881164,1000000,0.00000316721430482,0.0000143637836953,0.2205,999985.636216
82.75,3.07987619449,1000000,0.00000307991921445,0.0000139678875939,0.2205,999986.032112
82.875,2.99498944563,1000000,0.00000299503012683,0.0000135829030695,0.2205,999986.417097
83,2.91244226067,1000000,0.00000291248073025,0.0000132085293889,0.2205,999986.791471
83.125,2.83217016224,1000000,0.00000283220654044,0.0000128444741063,0.2205,999987.155526
83.25,2.75411044983,1000000,0.00000275414485034,0.000012490452836,0.2205,999987.509547
83.375,2.67820215072,1000000,0.00000267823468107,0.0000121461890298,0.2205,999987.853811
83.5,2.60438597244,1000000,0.00000260441673429,0.0000118114137609,0.2205,999988.188586
83.625,2.53260425645,1000000,0.00000253263334594,0.0000114858655145,0.2205,999988.514134
83.75,2.46280093309,1000000,0.00000246282844113,0.0000111692899825,0.2205,999988.83071
83.875,2.39492147781,1000000,0.00000239494749039,0.0000108614398657,0.2205,999989.13856
84,2.32891286877,1000000,0.00000232893746718,0.0000105620746811,0.2205,999989.437925
84.125,2.26472354508,1000000,0.00000226474680621,0.0000102709605724,0.2205,999989.729039
84.25,2.20230336697,1000000,0.00000220232536351,0.00000998787012929,0.2205,999990.01213
84.375,2.14160357627,1000000,0.00000214162437697,0.0000097125822085,0.2205,999990.287418
84.5,2.08257675853,1000000,0.0000020825964284,0.00000944488176147,0.2205,999990.555118
84.625,2.02517680598,1000000,0.00000202519540651,0.0000091845596667,0.2205,999990.81544
84.75,1.96935888146,1000000,0.00000196937647077,0.00000893141256586,0.2205,999991.068587
84.875,1.91507938353,1000000,0.00000191509601661,0.0000086852427057,0.2205,999991.314757
85,1.86229591229,1000000,0.00000186231164111,0.00000844585778281,0.2205,999991.554142
85.125,1.81096723631,1000000,0.00000181098211003,0.00000821307079379,0.2205,999991.786929
85.25,1.76105326046,1000000,0.00000176106732557,0.00000798669988922,0.2205,999992.0133
85.375,1.71251499461,1000000,0.00000171252829508,0.00000776656823165,0.2205,999992.233432
85.5,1.66531452315,1000000,0.00000166532710054,0.00000755250385731,0.2205,999992.447496
85.625,1.61941497536,1000000,0.00000161942686898,0.00000734433954186,0.2205,999992.65566
85.75,1.57478049672,1000000,0.00000157479174374,0.00000714191267004,0.2205,999992.858087
85.875,1.53137622071,1000000,0.00000153138685629,0.0000069450651079,0.2205,999993.054935
86,1.48916824184,1000000,0.00000148917829921,0.00000675364308034,0.2205,999993.246357
86.125,1.44812358896,1000000,0.00000144813309957,0.00000656749705019,0.2205,999993.432503
86.25,1.40821019958,1000000,0.00000140821919314,0.00000638648160156,0.2205,999993.613518
86.375,1.36939689488,1000000,0.00000136940539951,0.00000621045532656,0.2205,999993.789545
86.5,1.33165335532,1000000,0.0000013316613976,0.00000603928071474,0.2205,999993.960719
86.625,1.29495009693,1000000,0.00000129495770199,0.00000587282404529,0.2205,999994.127176
86.75,1.25925844832,1000000,0.00000125926563993,0.00000571095528312,0.2205,999994.289045
86.875,1.22455052832,1000000,0.00000122455732896,0.00000555354797716,0.2205,999994.446452
87,1.1907992241,1000000,0.00000119080565502,0.00000540047916109,0.2205,999994.599521
87.125,1.15797817009,1000000,0.00000115798425139,0.00000525162925802,0.2205,999994.748371
87.25,1.12606172738,1000000,0.00000112606747808,0.00000510688198674,0.2205,999994.893118
87.375,1.09502496366,1000000,0.00000109503040171,0.00000496612427081,0.2205,999995.033876
87.5,1.06484363373,1000000,0.00000106484877614,0.00000482924615031,0.2205,999995.170754
87.625,1.03549416064,1000000,0.00000103549902349,0.00000469614069609,0.2205,999995.303859
87.75,1.00695361721,1000000,0.00000100695821569,0.00000456670392601,0.2205,999995.433296
87.875,0.979199708099,1000000,9.79204056582e-7,0.00000444083472373,0.2205,999995.559165
88,0.952210752553,1000000,9.52214864631e-7,0.00000431843476023,0.2205,999995.681565
88.125,0.925965667229,1000000,9.25969555754e-7,0.00000419940841612,0.2205,999995.800592
88.25,0.900443949962,1000000,9.00447627087e-7,0.00000408366270788,0.2205,999995.916337
88.375,0.875625663484,1000000,8.75629140701e-7,0.00000397110721406,0.2205,999996.028893
88.5,0.851491420196,1000000,8.51494708374e-7,0.00000386165400623,0.2205,999996.138346
88.625,0.828022366657,1000000,8.28025476073e-7,0.00000375521757856,0.2205,999996.244782
88.75,0.805200169231,1000000,8.05203109603e-7,0.00000365171478278,0.2205,999996.348285
88.875,0.783006999433,1000000,7.83009779952e-7,0.00000355106476169,0.2205,999996.448935
89,0.761425520168,1000000,7.61428149523e-7,0.00000345318888673,0.2205,999996.546811
89.125,0.740438872219,1000000,7.40441358629e-7,0.00000335801069673,0.2205,999996.641989
89.25,0.720030660984,1000000,7.2003301222e-7,0.00000326545583773,0.2205,999996.734544
89.375,0.700184943719,1000000,7.00187167129e-7,0.00000317545200512,0.2205,999996.824548
89.5,0.680886217081,1000000,6.80888319616e-7,0.00000308792888715,0.2205,999996.912071
89.625,0.662119405012,1000000,6.62121393242e-7,0.00000300281810994,0.2205,999996.997182
89.75,0.643869846988,1000000,6.43871727128e-7,0.00000292005318425,0.2205,999997.079947
89.875,0.626123286538,1000000,6.26125064464e-7,0.00000283956945335,0.2205,999997.160431
90,0.60886586011,1000000,6.08867541378e-7,0.00000276130404253,0.2205,999997.238696
90.125,0.592084086247,1000000,5.92085676113e-7,0.00000268519581004,0.2205,999997.314804
90.25,0.575764855042,1000000,5.75766358475e-7,0.00000261118529921,0.2205,999997.388815
90.375,0.559895417951,1000000,5.59896839649e-7,0.00000253921469229,0.2205,999997.460785
90.5,0.544463377807,1000000,5.44464722214e-7,0.00000246922776515,0.2205,999997.530772
90.625,0.529456679054,1000000,5.29457950372e-7,0.00000240116984296,0.2205,999997.59883
90.75,0.514863598444,1000000,5.14864800647e-7,0.00000233498775803,0.2205,999997.665012
90.875,0.500672735882,1000000,5.00673872727e-7,0.00000227062980829,0.2205,999997.72937
91,0.486873005397,1000000,4.86874080437e-7,0.00000220804571627,0.2205,999997.791954
91.125,0.473453626641,1000000,4.73454643236e-7,0.00000214718659064,0.2205,999997.852813
91.25,0.460404116302,1000000,4.6040507763e-7,0.00000208800488721,0.2205,999997.911995
91.375,0.447714280101,1000000,4.47715189166e-7,0.00000203045437264,0.2205,999997.969546
91.5,0.435374204659,1000000,4.35375064303e-7,0.00000197449008754,0.2205,999998.02551
91.625,0.423374249889,1000000,4.23375062798e-7,0.00000192006831201,0.2205,999998.079932
91.75,0.411705041309,1000000,4.11705810024e-7,0.00000186714653072,0.2205,999998.132853
91.875,0.400357462915,1000000,4.00358189839e-7,0.00000181568340063,0.2205,999998.184317
92,0.389322649868,1000000,3.89323337272e-7,0.00000176563871779,0.2205,999998.234361
92.125,0.378591981707,1000000,3.78592631741e-7,0.00000171697338658,0.2205,999998.283027
92.25,0.368157075549,1000000,3.68157690243e-7,0.00000166964938886,0.2205,999998.330351
92.375,0.358009779574,1000000,3.5801036085e-7,0.00000162362975442,0.2205,999998.37637
92.5,0.348142166612,1000000,3.48142716287e-7,0.00000157887853192,0.2205,999998.421121
92.625,0.338546528027,1000000,3.38547047819e-7,0.00000153536076108,0.2205,999998.464639
92.75,0.329215367592,1000000,3.29215859125e-7,0.00000149304244501,0.2205,999998.506958
92.875,0.320141395762,1000000,3.20141860573e-7,0.00000145189052414,0.2205,999998.548109
93,0.311317523803,1000000,3.11317963344e-7,0.00000141187284963,0.2205,999998.588127
93.125,0.30273685845,1000000,3.02737274095e-7,0.00000137295815916,0.2205,999998.627042
93.25,0.294392696379,1000000,2.94393089428e-7,0.00000133511605183,0.2205,999998.664884
93.375,0.286278519039,1000000,2.8627889072e-7,0.00000129831696472,0.2205,999998.701683
93.5,0.278387987587,1000000,2.78388339061e-7,0.00000126253214994,0.2205,999998.737468
93.625,0.27071493777,1000000,2.70715270136e-7,0.00000122773365141,0.2205,999998.772266
93.75,0.263253375372,1000000,2.63253689669e-7,0.00000119389428421,0.2205,999998.806106
93.875,0.25599747132,1000000,2.5599776853e-7,0.00000116098761238,0.2205,999998.839012
94,0.248941557153,1000000,2.48941838205e-7,0.00000112898792837,0.2205,999998.871012
94.125,0.242080120763,1000000,2.42080386536e-7,0.00000109787023372,0.2205,999998.90213
94.25,0.235407801894,1000000,2.35408053218e-7,0.00000106761021867,0.2205,999998.93239
94.375,0.228919387998,1000000,2.28919625659e-7,0.00000103818424335,0.2205,999998.961816
94.5,0.222609810302,1000000,2.22610035043e-7,0.00000100956931992,0.2205,999998.990431
94.625,0.216474139616,1000000,2.16474352138e-7,9.81743093598e-7,0.2205,999999.018257
94.75,0.210507582688,1000000,2.10507783656e-7,9.54683826104e-7,0.2205,999999.045316
94.875,0.204705478359,1000000,2.04705668402e-7,9.28370378239e-7,0.2205,999999.07163
95,0.199063293919,1000000,1.9906347363e-7,9.02782193335e-7,0.2205,999999.097218
95.125,0.193576621677,1000000,1.93576791618e-7,8.77899281715e-7,0.2205,999999.122101
95.25,0.188241175264,1000000,1.88241335966e-7,8.53702203929e-7,0.2205,999999.146298
95.375,0.1830527866,1000000,1.83052938566e-7,8.30172056987e-7,0.2205,999999.169828
95.5,0.17800740244,1000000,1.78007546144e-7,8.07290458704e-7,0.2205,999999.19271
95.625,0.173101081219,1000000,1.7310121711e-7,7.8503953338e-7,0.2205,999999.21496
95.75,0.168329990061,1000000,1.68330118564e-7,7.63401898252e-7,0.2205,999999.236598
95.875,0.163690401675,1000000,1.63690523192e-7,7.42360649397e-7,0.2205,999999.257639
96,0.159178691585,1000000,1.59178806496e-7,7.21899349188e-7,0.2205,999999.278101
96.125,0.154791335146,1000000,1.5479144381e-7,7.02002012742e-7,0.2205,999999.297998
96.25,0.150524904874,1000000,1.5052500763e-7,6.82653095829e-7,0.2205,999999.317347
96.375,0.146376067754,1000000,1.46376164924e-7,6.63837482651e-7,0.2205,999999.336163
96.5,0.142341582671,1000000,1.42341674558e-7,6.45540474187e-7,0.2205,999999.35446
96.625,0.138418297786,1000000,1.38418384678e-7,6.27747776316e-7,0.2205,999999.372252
96.75,0.134603148167,1000000,1.34603230335e-7,6.10445489047e-7,0.2205,999999.389555
96.875,0.130893153362,1000000,1.30893231063e-7,5.93620095524e-7,0.2205,999999.40638
97,0.127285415051,1000000,1.27285488528e-7,5.77258451373e-7,0.2205,999999.422742
97.125,0.123777114792,1000000,1.23777184274e-7,5.61347774486e-7,0.2205,999999.438652
97.25,0.120365511843,1000000,1.20365577548e-7,5.45875635138e-7,0.2205,999999.454124
97.375,0.117047940985,1000000,1.17048003117e-7,5.3082994611e-7,0.2205,999999.46917
97.5,0.113821810486,1000000,1.1382186924e-7,5.16198953471e-7,0.2205,999999.483801
97.625,0.110684600048,1000000,1.10684655609e-7,5.01971227251e-7,0.2205,999999.498029
97.75,0.107633858777,1000000,1.07633911317e-7,4.88135652232e-7,0.2205,999999.511864
97.875,0.104667203415,1000000,1.04667253099e-7,4.74681419949e-7,0.2205,999999.525319
98,0.101782316312,1000000,1.01782363294e-7,4.61598019474e-7,0.2205,999999.538402
98.125,0.0989769437591,1000000,9.89769881874e-8,4.48875229875e-7,0.2205,999999.551125
98.25,0.0962488941806,1000000,9.62489361936e-8,4.36503111989e-7,0.2205,999999.563497
98.375,0.0935960363186,1000000,9.35960760475e-8,4.24472000216e-7,0.2205,999999.575528
98.5,0.091016297717,1000000,9.1016335286e-8,4.12772495628e-7,0.2205,999999.587228
98.625,0.0885076630566,1000000,8.85076985832e-8,4.01395458427e-7,0.2205,999999.598605
98.75,0.0860681725149,1000000,8.60682061101e-8,3.90332000499e-7,0.2205,999999.609668
98.875,0.0836959203221,1000000,8.36959520909e-8,3.7957347887e-7,0.2205,999999.620427
99,0.0813890532428,1000000,8.13890832844e-8,3.69111488818e-7,0.2205,999999.630889
99.125,0.0791457691074,1000000,7.91457975158e-8,3.58937857214e-7,0.2205,999999.641062
99.25,0.0769643153924,1000000,7.69643422563e-8,3.49044636083e-7,0.2205,999999.650955
99.375,0.0748429879228,1000000,7.48430133263e-8,3.39424096718e-7,0.2205,999999.660576
99.5,0.0727801294769,1000000,7.27801534994e-8,3.30068723353e-7,0.2205,999999.669931
99.625,0.0707741284397,1000000,7.07741511561e-8,3.20971207057e-7,0.2205,999999.679029
99.75,0.0688234177746,1000000,6.88234392561e-8,3.12124441071e-7,0.2205,999999.687876
99.875,0.0669264734818,1000000,6.69264937954e-8,3.03521513811e-7,0.2205,999999.696478
100,0.0650818136671,1000000,6.50818328764e-8,2.95155704655e-7,0.2205,999999.704844
